0*|*|*0*|*|*Nova mensagem<br /><br />no mural =)
0*|*|*1*|*|*Como faz a prova?


1*|*|*0*|*|*waaat

0*|*|*1*|*|*meeee

1*|*|*2*|*|*Waaat??<br />Lorem ipsum dolor sit amet, consectetur adipisicing elit, sed do eiusmod<br />tempor incididunt ut labore et dolore magna aliqua. Ut enim ad minim veniam,<br />quis nostrud exercitation ullamco laboris nisi ut aliquip ex ea commodo<br />consequat. Duis aute irure dolor in reprehenderit in voluptate velit esse<br />cillum dolore eu fugiat nulla pariatur. Excepteur sint occaecat cupidatat non<br />proident, sunt in culpa qui officia deserunt mollit anim id est laborum.
1*|*|*0*|*|*Lorem ipsum dolor sit amet, consectetur adipisicing elit, sed do eiusmod<br />tempor incididunt ut labore et dolore magna aliqua. Ut enim ad minim veniam,<br />quis nostrud exercitation ullamco laboris nisi ut aliquip ex ea commodo<br />consequat. Duis aute irure dolor in reprehenderit in voluptate velit esse<br />cillum dolore eu fugiat nulla pariatur. Excepteur sint occaecat cupidatat non<br />proident, sunt in culpa qui officia deserunt mollit anim id est laborum.*|*|*22/04/2019






1*|*|*0*|*|*lllll*|*|*30/05/2019

0*|*|*2*|*|*Nova mensagem*|*|*04/06/2019
0*|*|**|*|**|*|*04/06/2019
0*|*|*0*|*|*lalalala*|*|*04/06/2019
0*|*|*4*|*|*nova mensagem*|*|*04/06/2019
0*|*|*4*|*|*nova mensagem*|*|*04/06/2019
0*|*|*1*|*|*mensagem ajax*|*|*04/06/2019
0*|*|*1*|*|*mensagem ajax*|*|*04/06/2019
0*|*|*1*|*|*mensagem ajax 2*|*|*04/06/2019
0*|*|*1*|*|*lalala*|*|*04/06/2019
